<skeleton blendmode="average">
    <bones>
        <bone id="0" name="Reference">
            <position x="0" y="0" z="0" />
            <rotation angle="0">
                <axis x="1" y="0" z="0" />
            </rotation>
        </bone>
        <bone id="1" name="Hips" segid="0">
            <position x="0" y="97.117" z="0" />
            <rotation angle="0">
                <axis x="1" y="0" z="0" />
            </rotation>
        </bone>
        <bone id="2" name="Spine" segid="1">
            <position x="0" y="12.1484" z="-0.0360208" />
            <rotation angle="0">
                <axis x="1" y="0" z="0" />
            </rotation>
        </bone>
        <bone id="3" name="Spine1" segid="2">
            <position x="0" y="9.35851" z="0.0612354" />
            <rotation angle="0">
                <axis x="1" y="0" z="0" />
            </rotation>
        </bone>
        <bone id="4" name="Spine2" segid="3">
            <position x="0" y="8.45465" z="0.00198003" />
            <rotation angle="0">
                <axis x="1" y="0" z="0" />
            </rotation>
        </bone>
        <bone id="5" name="Spine3" segid="4">
            <position x="0" y="8.44556" z="-0.00360519" />
            <rotation angle="0">
                <axis x="1" y="0" z="0" />
            </rotation>
        </bone>
        <bone id="6" name="Neck" segid="5">
            <position x="0" y="12.4954" z="-0.00635732" />
            <rotation angle="0">
                <axis x="1" y="0" z="0" />
            </rotation>
        </bone>
        <bone id="7" name="Head" segid="6">
            <position x="0" y="7.88611" z="0.150565" />
            <rotation angle="0">
                <axis x="1" y="0" z="0" />
            </rotation>
        </bone>
        <bone id="8" name="LeftShoulder" segid="11">
            <position x="3.27175" y="7.01669" z="0" />
            <rotation angle="0">
                <axis x="1" y="0" z="0" />
            </rotation>
        </bone>
        <bone id="9" name="LeftArm" segid="12">
            <position x="16.0575" y="0" z="0" />
            <rotation angle="0">
                <axis x="1" y="0" z="0" />
            </rotation>
        </bone>
        <bone id="10" name="LeftArmRoll" segid="-1">
            <position x="12.804" y="0.000287783" z="0" />
            <rotation angle="0">
                <axis x="1" y="0" z="0" />
            </rotation>
        </bone>
        <bone id="11" name="LeftForeArm" segid="13">
            <position x="13.3369" y="0" z="0" />
            <rotation angle="0">
                <axis x="1" y="0" z="0" />
            </rotation>
        </bone>
        <bone id="12" name="LeftForeArmRoll" segid="-1">
            <position x="10.7041" y="0" z="0" />
            <rotation angle="0">
                <axis x="1" y="0" z="0" />
            </rotation>
        </bone>
        <bone id="13" name="LeftHand" segid="14">
            <position x="11.0675" y="0" z="0" />
            <rotation angle="0">
                <axis x="1" y="0" z="0" />
            </rotation>
        </bone>
        <bone id="14" name="LeftHandThumb1" segid="24">
            <position x="2.17684" y="-0.136627" z="2.79039" />
            <rotation angle="0">
                <axis x="1" y="0" z="0" />
            </rotation>
        </bone>
        <bone id="15" name="LeftHandThumb2" segid="25">
            <position x="3.09859" y="-0.000372728" z="3.80421" />
            <rotation angle="0">
                <axis x="1" y="0" z="0" />
            </rotation>
        </bone>
        <bone id="16" name="LeftHandThumb3" segid="26">
            <position x="2.12157" y="0.000372728" z="2.11222" />
            <rotation angle="0">
                <axis x="1" y="0" z="0" />
            </rotation>
        </bone>
        <bone id="17" name="LeftHandThumb4" segid="-1">
            <position x="1.60823" y="0" z="1.58879" />
            <rotation angle="0">
                <axis x="1" y="0" z="0" />
            </rotation>
        </bone>
        <bone id="18" name="LeftHandIndex1" segid="27">
            <position x="9.90181" y="0.537234" z="3.1943" />
            <rotation angle="0">
                <axis x="1" y="0" z="0" />
            </rotation>
        </bone>
        <bone id="19" name="LeftHandIndex2" segid="28">
            <position x="4.07807" y="0" z="-0.0811783" />
            <rotation angle="0">
                <axis x="1" y="0" z="0" />
            </rotation>
        </bone>
        <bone id="20" name="LeftHandIndex3" segid="29">
            <position x="2.78286" y="0" z="-0.0680016" />
            <rotation angle="0">
                <axis x="1" y="0" z="0" />
            </rotation>
        </bone>
        <bone id="21" name="LeftHandIndex4" segid="-1">
            <position x="2.35209" y="0" z="-0.0746988" />
            <rotation angle="0">
                <axis x="1" y="0" z="0" />
            </rotation>
        </bone>
        <bone id="22" name="LeftHandMiddle1" segid="30">
            <position x="10.581" y="0.596244" z="0.651569" />
            <rotation angle="0">
                <axis x="1" y="0" z="0" />
            </rotation>
        </bone>
        <bone id="23" name="LeftHandMiddle2" segid="31">
            <position x="4.35978" y="0" z="-0.0171534" />
            <rotation angle="0">
                <axis x="1" y="0" z="0" />
            </rotation>
        </bone>
        <bone id="24" name="LeftHandMiddle3" segid="32">
            <position x="3.22492" y="0" z="-0.00969" />
            <rotation angle="0">
                <axis x="1" y="0" z="0" />
            </rotation>
        </bone>
        <bone id="25" name="LeftHandMiddle4" segid="-1">
            <position x="2.68683" y="0" z="0" />
            <rotation angle="0">
                <axis x="1" y="0" z="0" />
            </rotation>
        </bone>
        <bone id="26" name="LeftHandRing1" segid="33">
            <position x="10.3075" y="0.594692" z="-1.81199" />
            <rotation angle="0">
                <axis x="1" y="0" z="0" />
            </rotation>
        </bone>
        <bone id="27" name="LeftHandRing2" segid="34">
            <position x="4.14181" y="0" z="0.0122329" />
            <rotation angle="0">
                <axis x="1" y="0" z="0" />
            </rotation>
        </bone>
        <bone id="28" name="LeftHandRing3" segid="35">
            <position x="3.02101" y="0" z="0.0170491" />
            <rotation angle="0">
                <axis x="1" y="0" z="0" />
            </rotation>
        </bone>
        <bone id="29" name="LeftHandRing4" segid="-1">
            <position x="2.49405" y="0" z="0.033329" />
            <rotation angle="0">
                <axis x="1" y="0" z="0" />
            </rotation>
        </bone>
        <bone id="30" name="LeftHandPinky1" segid="36">
            <position x="9.73492" y="0.302757" z="-4.11379" />
            <rotation angle="0">
                <axis x="1" y="0" z="0" />
            </rotation>
        </bone>
        <bone id="31" name="LeftHandPinky2" segid="37">
            <position x="3.08272" y="0" z="0.0894261" />
            <rotation angle="0">
                <axis x="1" y="0" z="0" />
            </rotation>
        </bone>
        <bone id="32" name="LeftHandPinky3" segid="38">
            <position x="2.27013" y="0" z="0.0471682" />
            <rotation angle="0">
                <axis x="1" y="0" z="0" />
            </rotation>
        </bone>
        <bone id="33" name="LeftHandPinky4" segid="-1">
            <position x="2.16889" y="0" z="0.064267" />
            <rotation angle="0">
                <axis x="1" y="0" z="0" />
            </rotation>
        </bone>
        <bone id="34" name="RightShoulder" segid="7">
            <position x="-3.27175" y="7.01698" z="0" />
            <rotation angle="0">
                <axis x="1" y="0" z="0" />
            </rotation>
        </bone>
        <bone id="35" name="RightArm" segid="8">
            <position x="-16.0574" y="0" z="0" />
            <rotation angle="0">
                <axis x="1" y="0" z="0" />
            </rotation>
        </bone>
        <bone id="36" name="RightArmRoll" segid="-1">
            <position x="-12.804" y="0" z="0" />
            <rotation angle="0">
                <axis x="1" y="0" z="0" />
            </rotation>
        </bone>
        <bone id="37" name="RightForeArm" segid="9">
            <position x="-13.3369" y="0" z="0" />
            <rotation angle="0">
                <axis x="1" y="0" z="0" />
            </rotation>
        </bone>
        <bone id="38" name="RightForeArmRoll" segid="-1">
            <position x="-10.7041" y="0" z="0" />
            <rotation angle="0">
                <axis x="1" y="0" z="0" />
            </rotation>
        </bone>
        <bone id="39" name="RightHand" segid="10">
            <position x="-11.0675" y="0" z="0" />
            <rotation angle="0">
                <axis x="1" y="0" z="0" />
            </rotation>
        </bone>
        <bone id="40" name="RightHandPinky1" segid="54">
            <position x="-9.7349" y="0.303" z="-4.11379" />
            <rotation angle="0">
                <axis x="1" y="0" z="0" />
            </rotation>
        </bone>
        <bone id="41" name="RightHandPinky2" segid="55">
            <position x="-3.0827" y="0" z="0.08943" />
            <rotation angle="0">
                <axis x="1" y="0" z="0" />
            </rotation>
        </bone>
        <bone id="42" name="RightHandPinky3" segid="56">
            <position x="-2.2701" y="0" z="0.04717" />
            <rotation angle="0">
                <axis x="1" y="0" z="0" />
            </rotation>
        </bone>
        <bone id="43" name="RightHandPinky4" segid="-1">
            <position x="-2.1689" y="0" z="0.06427" />
            <rotation angle="0">
                <axis x="1" y="0" z="0" />
            </rotation>
        </bone>
        <bone id="44" name="RightHandRing1" segid="51">
            <position x="-10.3074" y="0.595" z="-1.81199" />
            <rotation angle="0">
                <axis x="1" y="0" z="0" />
            </rotation>
        </bone>
        <bone id="45" name="RightHandRing2" segid="52">
            <position x="-4.1418" y="0" z="0.01224" />
            <rotation angle="0">
                <axis x="1" y="0" z="0" />
            </rotation>
        </bone>
        <bone id="46" name="RightHandRing3" segid="53">
            <position x="-3.021" y="0" z="0.01705" />
            <rotation angle="0">
                <axis x="1" y="0" z="0" />
            </rotation>
        </bone>
        <bone id="47" name="RightHandRing4" segid="-1">
            <position x="-2.4941" y="0" z="0.03333" />
            <rotation angle="0">
                <axis x="1" y="0" z="0" />
            </rotation>
        </bone>
        <bone id="48" name="RightHandMiddle1" segid="48">
            <position x="-10.5809" y="0.596" z="0.65157" />
            <rotation angle="0">
                <axis x="1" y="0" z="0" />
            </rotation>
        </bone>
        <bone id="49" name="RightHandMiddle2" segid="49">
            <position x="-4.3598" y="0" z="-0.017154" />
            <rotation angle="0">
                <axis x="1" y="0" z="0" />
            </rotation>
        </bone>
        <bone id="50" name="RightHandMiddle3" segid="50">
            <position x="-3.2249" y="0" z="-0.00969" />
            <rotation angle="0">
                <axis x="1" y="0" z="0" />
            </rotation>
        </bone>
        <bone id="51" name="RightHandMiddle4" segid="-1">
            <position x="-2.6868" y="0" z="0" />
            <rotation angle="0">
                <axis x="1" y="0" z="0" />
            </rotation>
        </bone>
        <bone id="52" name="RightHandIndex1" segid="45">
            <position x="-9.9018" y="0.537" z="3.1943" />
            <rotation angle="0">
                <axis x="1" y="0" z="0" />
            </rotation>
        </bone>
        <bone id="53" name="RightHandIndex2" segid="46">
            <position x="-4.078" y="0" z="-0.08118" />
            <rotation angle="0">
                <axis x="1" y="0" z="0" />
            </rotation>
        </bone>
        <bone id="54" name="RightHandIndex3" segid="47">
            <position x="-2.7829" y="0" z="-0.068" />
            <rotation angle="0">
                <axis x="1" y="0" z="0" />
            </rotation>
        </bone>
        <bone id="55" name="RightHandIndex4" segid="-1">
            <position x="-2.3521" y="0" z="-0.0747" />
            <rotation angle="0">
                <axis x="1" y="0" z="0" />
            </rotation>
        </bone>
        <bone id="56" name="RightHandThumb1" segid="42">
            <position x="-2.1768" y="-0.137" z="2.79039" />
            <rotation angle="0">
                <axis x="1" y="0" z="0" />
            </rotation>
        </bone>
        <bone id="57" name="RightHandThumb2" segid="43">
            <position x="-3.0986" y="0" z="3.80421" />
            <rotation angle="0">
                <axis x="1" y="0" z="0" />
            </rotation>
        </bone>
        <bone id="58" name="RightHandThumb3" segid="44">
            <position x="-2.1216" y="0" z="2.11222" />
            <rotation angle="0">
                <axis x="1" y="0" z="0" />
            </rotation>
        </bone>
        <bone id="59" name="RightHandThumb4" segid="-1">
            <position x="-1.6082" y="0" z="1.58879" />
            <rotation angle="0">
                <axis x="1" y="0" z="0" />
            </rotation>
        </bone>
        <bone id="60" name="LeftUpLeg" segid="19">
            <position x="10.18" y="0" z="-0.000436543" />
            <rotation angle="0">
                <axis x="1" y="0" z="0" />
            </rotation>
        </bone>
        <bone id="61" name="LeftLeg" segid="20">
            <position x="0" y="-46.1023" z="0" />
            <rotation angle="0">
                <axis x="1" y="0" z="0" />
            </rotation>
        </bone>
        <bone id="62" name="LeftFoot" segid="21">
            <position x="0" y="-43.0172" z="0" />
            <rotation angle="0">
                <axis x="1" y="0" z="0" />
            </rotation>
        </bone>
        <bone id="63" name="LeftToeBase" segid="22">
            <position x="0" y="-7.95142" z="14.5128" />
            <rotation angle="0">
                <axis x="1" y="0" z="0" />
            </rotation>
        </bone>
        <bone id="64" name="RightUpLeg" segid="15">
            <position x="-10.18" y="0" z="-0.000436543" />
            <rotation angle="0">
                <axis x="1" y="0" z="0" />
            </rotation>
        </bone>
        <bone id="65" name="RightLeg" segid="16">
            <position x="0" y="-46.1023" z="0" />
            <rotation angle="0">
                <axis x="1" y="0" z="0" />
            </rotation>
        </bone>
        <bone id="66" name="RightFoot" segid="17">
            <position x="0" y="-43.0172" z="0" />
            <rotation angle="0">
                <axis x="1" y="0" z="0" />
            </rotation>
        </bone>
        <bone id="67" name="RightToeBase" segid="18">
            <position x="0" y="-7.95142" z="14.5128" />
            <rotation angle="0">
                <axis x="1" y="0" z="0" />
            </rotation>
        </bone>
    </bones>
    <bonehierarchy>
        <boneparent bone="Hips" parent="Reference" />
        <boneparent bone="Spine" parent="Hips" />
        <boneparent bone="Spine1" parent="Spine" />
        <boneparent bone="Spine2" parent="Spine1" />
        <boneparent bone="Spine3" parent="Spine2" />
        <boneparent bone="Neck" parent="Spine3" />
        <boneparent bone="Head" parent="Neck" />
        <boneparent bone="LeftShoulder" parent="Spine3" />
        <boneparent bone="LeftArm" parent="LeftShoulder" />
        <boneparent bone="LeftArmRoll" parent="LeftArm" />
        <boneparent bone="LeftForeArm" parent="LeftArmRoll" />
        <boneparent bone="LeftForeArmRoll" parent="LeftForeArm" />
        <boneparent bone="LeftHand" parent="LeftForeArmRoll" />
        <boneparent bone="LeftHandThumb1" parent="LeftHand" />
        <boneparent bone="LeftHandThumb2" parent="LeftHandThumb1" />
        <boneparent bone="LeftHandThumb3" parent="LeftHandThumb2" />
        <boneparent bone="LeftHandThumb4" parent="LeftHandThumb3" />
        <boneparent bone="LeftHandIndex1" parent="LeftHand" />
        <boneparent bone="LeftHandIndex2" parent="LeftHandIndex1" />
        <boneparent bone="LeftHandIndex3" parent="LeftHandIndex2" />
        <boneparent bone="LeftHandIndex4" parent="LeftHandIndex3" />
        <boneparent bone="LeftHandMiddle1" parent="LeftHand" />
        <boneparent bone="LeftHandMiddle2" parent="LeftHandMiddle1" />
        <boneparent bone="LeftHandMiddle3" parent="LeftHandMiddle2" />
        <boneparent bone="LeftHandMiddle4" parent="LeftHandMiddle3" />
        <boneparent bone="LeftHandRing1" parent="LeftHand" />
        <boneparent bone="LeftHandRing2" parent="LeftHandRing1" />
        <boneparent bone="LeftHandRing3" parent="LeftHandRing2" />
        <boneparent bone="LeftHandRing4" parent="LeftHandRing3" />
        <boneparent bone="LeftHandPinky1" parent="LeftHand" />
        <boneparent bone="LeftHandPinky2" parent="LeftHandPinky1" />
        <boneparent bone="LeftHandPinky3" parent="LeftHandPinky2" />
        <boneparent bone="LeftHandPinky4" parent="LeftHandPinky3" />
        <boneparent bone="RightShoulder" parent="Spine3" />
        <boneparent bone="RightArm" parent="RightShoulder" />
        <boneparent bone="RightArmRoll" parent="RightArm" />
        <boneparent bone="RightForeArm" parent="RightArmRoll" />
        <boneparent bone="RightForeArmRoll" parent="RightForeArm" />
        <boneparent bone="RightHand" parent="RightForeArmRoll" />
        <boneparent bone="RightHandPinky1" parent="RightHand" />
        <boneparent bone="RightHandPinky2" parent="RightHandPinky1" />
        <boneparent bone="RightHandPinky3" parent="RightHandPinky2" />
        <boneparent bone="RightHandPinky4" parent="RightHandPinky3" />
        <boneparent bone="RightHandRing1" parent="RightHand" />
        <boneparent bone="RightHandRing2" parent="RightHandRing1" />
        <boneparent bone="RightHandRing3" parent="RightHandRing2" />
        <boneparent bone="RightHandRing4" parent="RightHandRing3" />
        <boneparent bone="RightHandMiddle1" parent="RightHand" />
        <boneparent bone="RightHandMiddle2" parent="RightHandMiddle1" />
        <boneparent bone="RightHandMiddle3" parent="RightHandMiddle2" />
        <boneparent bone="RightHandMiddle4" parent="RightHandMiddle3" />
        <boneparent bone="RightHandIndex1" parent="RightHand" />
        <boneparent bone="RightHandIndex2" parent="RightHandIndex1" />
        <boneparent bone="RightHandIndex3" parent="RightHandIndex2" />
        <boneparent bone="RightHandIndex4" parent="RightHandIndex3" />
        <boneparent bone="RightHandThumb1" parent="RightHand" />
        <boneparent bone="RightHandThumb2" parent="RightHandThumb1" />
        <boneparent bone="RightHandThumb3" parent="RightHandThumb2" />
        <boneparent bone="RightHandThumb4" parent="RightHandThumb3" />
        <boneparent bone="LeftUpLeg" parent="Hips" />
        <boneparent bone="LeftLeg" parent="LeftUpLeg" />
        <boneparent bone="LeftFoot" parent="LeftLeg" />
        <boneparent bone="LeftToeBase" parent="LeftFoot" />
        <boneparent bone="RightUpLeg" parent="Hips" />
        <boneparent bone="RightLeg" parent="RightUpLeg" />
        <boneparent bone="RightFoot" parent="RightLeg" />
        <boneparent bone="RightToeBase" parent="RightFoot" />
    </bonehierarchy>
    <animations />
</skeleton>
