﻿<?xml version="1.0" encoding="UTF-8"?>
<theme>
	<manifest folder="skin" author="SKINSE.COM" tel="(086)15013462355" email="182408087@qq.com"/>
  
	<font>
		<item id="default" 					fontface="Tahoma" 		fontsize="14"	/>
	</font>

	<color>
		<item id="standard.border" 						value="RGB(38,38,38)"/>
		<item id="standard.text" 						value="RGB(179,179,179)" />
	</color>

	<cursor>
		<item id="standard.hand" 						value="#32649" />
	</cursor> 

	<image desc="all pictures that using in skinse" >
		<item id="standard.scroll"						value="skin\scroll.bmp" />
	
		<item id="standard.sysbtn.min.normal"			value="skin\frame_btn_min_normal.bmp" />
		<item id="standard.sysbtn.min.hot"				value="skin\frame_btn_min_hot.bmp"  />
		<item id="standard.sysbtn.min.down"				value="skin\frame_btn_min_down.bmp" />
		<item id="standard.sysbtn.min.disable"			value="skin\frame_btn_min_disable.bmp" />
	
		<item id="standard.sysbtn.max.normal"			value="skin\frame_btn_max_normal.bmp" />
		<item id="standard.sysbtn.max.hot"				value="skin\frame_btn_max_hot.bmp"  />
		<item id="standard.sysbtn.max.down"				value="skin\frame_btn_max_down.bmp" />
		<item id="standard.sysbtn.max.disable"			value="skin\frame_btn_max_disable.bmp" />
	
		<item id="standard.sysbtn.restore.normal"		value="skin\frame_btn_restore_normal.bmp" />
		<item id="standard.sysbtn.restore.hot"			value="skin\frame_btn_restore_hot.bmp"  />
		<item id="standard.sysbtn.restore.down"			value="skin\frame_btn_restore_down.bmp" />
		<item id="standard.sysbtn.restore.disable"		value="skin\frame_btn_restore_disable.bmp" />
	
		<item id="standard.sysbtn.close.normal"			value="skin\frame_btn_close_normal.bmp" />
		<item id="standard.sysbtn.close.hot"			value="skin\frame_btn_close_hot.bmp"  adjusthsb="false" />
		<item id="standard.sysbtn.close.down"			value="skin\frame_btn_close_down.bmp" adjusthsb="false"/>
		<item id="standard.sysbtn.close.disable"		value="skin\frame_btn_close_disable.bmp" adjusthsb="false"/>
	
		<item id="standard.frame.bk"					value="skin\windowBk.bmp"/>
		<item id="standard.frame.bk2"					value="skin\windowBk2.bmp"/>
		<item id="standard.frame.size"					value="skin\sizelogo.bmp"/>
	
		<item id="standard.menu.bk"						value="skin\menu_item_background.bmp"/>
		<item id="standard.menu.itemhot"				value="skin\menu_item_hot.bmp"/>
		<item id="standard.menu.pup"					value="skin\menu_item_pup.bmp" />
		<item id="standard.menu.sep"					value="skin\menu_item_seperator.bmp" />
	
		<item id="standard.btn.normal" 					value="skin\button_normal.bmp" />
		<item id="standard.btn.hot" 					value="skin\button_hot.bmp" />
		<item id="standard.btn.down" 					value="skin\button_down.bmp" />
		<item id="standard.btn.focus" 					value="skin\button_focus.bmp" />
		<item id="standard.btn.disable" 				value="skin\button_disable.bmp" />
	
		<item id="standard.radio.normal.normal" 			value="skin\radiobtn_nor.bmp" />
		<item id="standard.radio.normal.hot" 				value="skin\radiobtn_hot.bmp" />
		<item id="standard.radio.select.normal" 			value="skin\radiobtn_nor_select.bmp" />
		<item id="standard.radio.select.hot" 				value="skin\radiobtn_hot_select.bmp" />
	
		<item id="standard.check.normal.normal"			value="skin\checkbox_nor.bmp" />
		<item id="standard.check.normal.hot"			value="skin\checkbox_hot.bmp" />
		<item id="standard.check.select.normal"			value="skin\checkbox_nor_select.bmp" />
		<item id="standard.check.select.hot"			value="skin\checkbox_hot_select.bmp" />
		
		<item id="standard.combo.normal" 					value="skin\combobox_normal.bmp" />
		<item id="standard.combo.hot" 					value="skin\combobox_hot.bmp" />
		<item id="standard.combo.down" 					value="skin\combobox_down.bmp" />
		<item id="standard.combo.disable" 				value="skin\combobox_normal.bmp" />
	
		<item id="standard.slider.channcel.normal"  	value="skin\set_clider_channel_normal.bmp" />
		<item id="standard.slider.channcel.active"  	value="skin\set_clider_channel_active.bmp" />
		<item id="standard.slider.channcel.normal.v"  	value="skin\set_clider_channel_normal_v.bmp" />
		<item id="standard.slider.channcel.active.v"  	value="skin\set_clider_channel_active_v.bmp" />
		<item id="standard.slider.thumb.normal"			value="skin\set_slider_thumb_normal.bmp" />
		<item id="standard.slider.thumb.hot"			value="skin\set_slider_thumb_hot.bmp" />
		<item id="standard.slider.thumb.down"			value="skin\set_slider_thumb_hot.bmp" />
	
		<item id="standard.progress.channcel.normal"		value="skin\standard_progress_normal.bmp" />
		<item id="standard.progress.channcel.active"		value="skin\standard_progress_active.bmp" />
		<item id="standard.progress.channcel.normalv"		value="skin\standard_progress_normal_v.bmp" />
		<item id="standard.progress.channcel.activev"		value="skin\standard_progress_active_v.bmp" />
	
		<item id="standard.spinbutton.left.normal"		value="skin\spin_left_normal.bmp" />
		<item id="standard.spinbutton.left.over"			value="skin\spin_left_over.bmp" />
		<item id="standard.spinbutton.left.down"			value="skin\spin_left_down.bmp" />
		<item id="standard.spinbutton.right.normal"		value="skin\spin_right_normal.bmp" />
		<item id="standard.spinbutton.right.over"			value="skin\spin_right_over.bmp" />
		<item id="standard.spinbutton.right.down"			value="skin\spin_right_down.bmp" />
		<item id="standard.spinbutton.top.normal"			value="skin\spin_top_normal.bmp" />
		<item id="standard.spinbutton.top.over"			value="skin\spin_top_over.bmp" />
		<item id="standard.spinbutton.top.down"			value="skin\spin_top_down.bmp" />
		<item id="standard.spinbutton.bottom.normal"		value="skin\spin_bottom_normal.bmp" />
		<item id="standard.spinbutton.bottom.over"		value="skin\spin_bottom_over.bmp" />
		<item id="standard.spinbutton.bottom.down"		value="skin\spin_bottom_down.bmp" />
	
		<item id="standard.header.normal"					value="skin\headerctrl_normal.bmp" />
		<item id="standard.header.hot"					value="skin\headerctrl_hot.bmp" />
		<item id="standard.header.down"					value="skin\headerctrl_down.bmp" />
		<item id="standard.header.sep"					value="skin\headerctrl_Sperator.bmp" />
	
		<item id="standard.listctrl.itemhot" 				value="skin\listctrl_item_select.bmp" />
	
		<item id="standard.tabctrl.top.normal"			value="skin\tab_top_normal.bmp"/>
		<item id="standard.tabctrl.top.checked"			value="skin\tab_top_checked.bmp"/>
		<item id="standard.tabctrl.bottom.normal"			value="skin\tab_bottom_normal.bmp"/>
		<item id="standard.tabctrl.bottom.checked"		value="skin\tab_bottom_checked.bmp"/>
		<item id="standard.tabctrl.left.normal"			value="skin\tab_left_normal.bmp"/>
		<item id="standard.tabctrl.left.checked"			value="skin\tab_left_checked.bmp"/>
		<item id="standard.tabctrl.right.normal"			value="skin\tab_right_normal.bmp"/>
		<item id="standard.tabctrl.right.checked"			value="skin\tab_right_checked.bmp"/>
	
		<item id="standard.menubar.bk"					value="skin\menu_bar_back.bmp" />
		<item id="standard.menubar.min"					value="skin\menubtn_min.bmp" />
		<item id="standard.menubar.resotre"				value="skin\menubtn_store.bmp" />
		<item id="standard.menubar.close"					value="skin\menubtn_close.bmp" />
		<item id="standard.menubar.item.down"				value="skin\menu_bar_down.bmp" />
	
		<item id="standard.statusbar.bk"					value="skin\statusbar_back.bmp" />
		<item id="standard.statusbar.bk.v"				value="skin\statusbar_backv.bmp" />
		<item id="standard.tootbar.sep"					value="skin\toolbar_seperator.bmp" />
		<item id="standard.tootbar.sep.v"					value="skin\toolbar_seperatorv.bmp" />
		<item id="standard.tootbar.drop"					value="skin\toolbar_drop.bmp" />
		<item id="standard.tootbar.drop.v"				value="skin\toolbar_dropv.bmp" />
		<item id="standard.tootbar.hot"					value="skin\toolbar_btn_hot.bmp" />
		<item id="standard.tootbar.down"					value="skin\toolbar_btn_down.bmp" />
	</image>


<constrol desc="skin msg of all constrols" >
	<item class="window" id="window" desc="default window skin" >
		<attribute font="default.title" textColor="#standard.text" />
		<btnclose 	picNormal="standard.sysbtn.close.normal" 	picOver="standard.sysbtn.close.hot" 	picDown="standard.sysbtn.close.down" 		picDisable="standard.sysbtn.close.disable" 	offset="(1,1)" />
		<btnmax 	picNormal="standard.sysbtn.max.normal" 		picOver="standard.sysbtn.max.hot"	 	picDown="standard.sysbtn.max.down"   		picDisable="standard.sysbtn.max.disable" 	 	offset="(0,0)" hideDisable="true"/>
		<btnrestore picNormal="standard.sysbtn.restore.normal" 	picOver="standard.sysbtn.restore.hot"	picDown="standard.sysbtn.restore.down"	picDisable="standard.restore.min.disable" 	offset="(0,0)"/>
		<btnmin 	picNormal="standard.sysbtn.min.normal" 		picOver="standard.sysbtn.min.hot" 	picDown="standard.sysbtn.min.down" 		picDisable="standard.sysbtn.min.disable" 		offset="(0,0)" />
		<background picFile = "standard.frame.bk" backgroundColor="RGB(202,225,243)" frameStyle="framebitmapround" drawStyle="draw9grid" captionHeight="29" captionOffset="(10,10)" borderWidth="(2,2,2,2)" borderOffset="(8,8,8,8)" border9grid="(10,40,10,45)"/>
		<bmpscrollbar picFile="standard.scroll"/>
	</item>
	
	<item class="window" id="window2" desc="default window skin" >
		<attribute font="default.title" textColor="#standard.text" />
		<btnclose 	picNormal="standard.sysbtn.close.normal" 	picOver="standard.sysbtn.close.hot" 	picDown="standard.sysbtn.close.down" 		picDisable="standard.sysbtn.close.disable" 	offset="(1,1)" />
		<btnmax 	picNormal="standard.sysbtn.max.normal" 		picOver="standard.sysbtn.max.hot"	 	picDown="standard.sysbtn.max.down"   		picDisable="standard.sysbtn.max.disable" 	 	offset="(0,0)" hideDisable="true"/>
		<btnrestore picNormal="standard.sysbtn.restore.normal" 	picOver="standard.sysbtn.restore.hot"	picDown="standard.sysbtn.restore.down"	picDisable="standard.restore.min.disable" 	offset="(0,0)"/>
		<btnmin 	picNormal="standard.sysbtn.min.normal" 		picOver="standard.sysbtn.min.hot" 	picDown="standard.sysbtn.min.down" 		picDisable="standard.sysbtn.min.disable" 		offset="(0,0)" />
		<background picFile = "standard.frame.bk2" backgroundColor="RGB(202,225,243)" frameStyle="framebitmapround" drawStyle="draw9grid" captionHeight="29" captionOffset="(10,10)" borderWidth="(2,2,2,2)" borderOffset="(8,8,8,8)" border9grid="(10,40,10,35)"/>
		<bmpscrollbar picFile="standard.scroll"/>
	</item>
	
	<item class="button" id="button" desc="defualt push button skin" >
		<attribute picNormal="standard.btn.normal" picOver="standard.btn.hot" picDown="standard.btn.down" picDisable="standard.btn.disable" picFocus="standard.btn.focus" border9grid="(5,5,5,5)" font="default" textNormalColor="#standard.text" textOverColor="RGB(0,0,0)" textDownColor="#standard.text" textFocusColor="#standard.text" textDisableColor="RGB(0,0,0)" />
	</item>
	
	<item class="radiobutton" id="radiobutton" desc="defualt radio button skin" >
		<attribute  picUncheckNormal="standard.radio.normal.normal" picUncheckOver="standard.radio.normal.hot" picCheckedNormal="standard.radio.select.normal" picCheckedOver="standard.radio.select.hot" font="default" textNormalColor="#standard.text" textOverColor="#standard.text" textDownColor="#standard.text" drawFocusRect="true" />
	</item>
	
	<item class="checkbutton" id="checkbutton" desc="defualt check button skin" >
		<attribute  picUncheckNormal="standard.check.normal.normal" picUncheckOver="standard.check.normal.hot" picCheckedNormal="standard.check.select.normal" picCheckedOver="standard.check.select.hot" font="default" textNormalColor="#standard.text" textOverColor="#standard.text" textDownColor="#standard.text" drawFocusRect="true" />
	</item>
	
	<item class="static" id="static" desc="default static skin" >
		<attribute textColor="#standard.text" />
	</item>
	
	<item class="groupbutton" id="groupbutton" desc="default groupbutton skin" >
		<attribute  textColor="#standard.text" borderColor="#standard.border" font="default" />
	</item>
	
	<item class="edit" id="edit" desc="default edit skin" >
		<attribute  textColor="#standard.text" backgroundNormalColor="RGB(48,48,48)" backgroundDisableColor="RGB(48,48,48)" borderColor="RGB(58,60,57)" borderColor2="RGB(16,16,16)" bmpScrollbar="standard.scroll" />
	</item>
	
	<item class="combobox" id="combobox" desc="default combobox skin" >
		<attribute  bmpScrollbar="standard.scroll" bmpButtonNormal="standard.combo.normal" bmpButtonOver="standard.combo.hot" bmpButtonDown="standard.combo.normal" bmpButtonDisable="standard.combo.disable" textColor="#standard.text" borderColor="RGB(58,60,57)" />
	</item>
	
	<item class="listbox" id="listbox" desc="default listbox skin" >
		<attribute  borderColor="#standard.border" font="#default" bmpScrollbar="standard.scroll" />
	</item>
	
	<item class="listview" id="listview" desc="default listview skin" >
		<attribute  drawheadctrl="true" bmpScrollbar="standard.scroll" borderColor="#standard.border" borderColor2="#standard.border" backgroundColor="RGB(48,48,48)" />
	</item>
	
	<item class="slider" id="slider" desc="default slier skin" >
		<attribute  thumbHorizNormal="standard.slider.thumb.normal" thumbHorizOver="standard.slider.thumb.hot" thumbHorizDown="standard.slider.thumb.down" channelHorizNormal="standard.slider.channcel.normal" channelHorizActive="standard.slider.channcel.active" thumbVertNormal="standard.slider.thumb.normal" thumbVertOver="standard.slider.thumb.hot" thumbVertDown="standard.slider.thumb.down" channelVertNormal="standard.slider.channcel.normal.v" channelVertActive="standard.slider.channcel.active.v" drawSize="true" />
	</item>
	
	<item class="progress" id="progress" desc="default progress skin" >
		<attribute    channelHorizNormal="standard.progress.channcel.normal" channelHorizActive="standard.progress.channcel.active" channelVertNormal="standard.progress.channcel.normalv" channelVertActive="standard.progress.channcel.activev" activeOffset="2" drawStyle="draw9grid" />
	</item>
	
	<item class="header" id="header" desc="default header skin" >
		<attribute  imageSeparator="standard.header.sep" itemBackgroundNormalImage="standard.header.normal" itemBackgroundOverImage="standard.header.hot" itemBackgroundDownImage="standard.header.down" itemTextNormalColor="#standard.text" itemTextOverColor="#standard.text" itemTextDownColor="#standard.text" />
	</item>
	
	<item class="spinbutton" id="spinbutton" desc="default spinbutton skin" >
		<attribute  bmpLeftNormal="standard.spinbutton.left.normal" bmpLeftOver="standard.spinbutton.left.over" bmpLeftDown="standard.spinbutton.left.down" bmpRightNormal="standard.spinbutton.right.normal" bmpRightOver="standard.spinbutton.right.over" bmpRightDown="standard.spinbutton.right.down" bmpTopNormal="standard.spinbutton.top.normal" bmpTopOver="standard.spinbutton.top.over" bmpTopDown="standard.spinbutton.top.down" bmpBottomNormal="standard.spinbutton.bottom.normal" bmpBottomOver="standard.spinbutton.bottom.over" bmpBottomDown="standard.spinbutton.bottom.down"/>
	</item>
	
	<item class="menu" id="menu" desc="default menu skin" >
		<attribute  backgroundAlpha="255" imageSeparator="standard.menu.sep" imageBackground="standard.menu.bk"  itemBackgroundOverImage="standard.menu.itemhot" imagePupArrow="standard.menu.pup"  itemTextOverColor="RGB(255,255,255)" itemTextDisableColor="RGB(128,128,128)"  borderWidth="(2,2,2,2)" borderOffset="(30,15,15,15)" border9grid="(30,6,6,6)" />
	</item>
	
	<item class="menubar" id="menubar" desc="default menubar skin" >
		<attribute  imageBackground="standard.menubar.bk" menubarHeight="26" itemOverImage="standard.menu.itemhot" itemDownImage="standard.menubar.item.down" imageBtnMin="standard.menubar.min" imageBtnRestore="standard.menubar.resotre" imageBtnClose="standard.menubar.close" textOverColor="RGB(255,255,255)"/>
	</item>
	
	<item class="tree" id="tree" desc="default tree skin" >
		<attribute  drawitem="false" borderColor="#standard.border" bmpScrollbar="standard.scroll" />
	</item>
	
	<item class="tabctrl" id="tabctrl" desc="default tabctrl skin" >
		<attribute  borderColor="#standard.border" borderRound="5" itemTextNormalColor="#standard.text" itemTextCheckedColor="RGB(5,5,200)" itemBackgroundTopNormalImage="standard.tabctrl.top.normal" itemBackgroundTopCheckedImage="standard.tabctrl.top.checked" itemBackgroundBottomNormalImage="standard.tabctrl.bottom.normal" itemBackgroundBottomCheckedImage="standard.tabctrl.bottom.checked" itemBackgroundLeftNormalImage="standard.tabctrl.left.normal" itemBackgroundLeftCheckedImage="standard.tabctrl.left.checked" itemBackgroundRightNormalImage="standard.tabctrl.right.normal" itemBackgroundRightCheckedImage="standard.tabctrl.right.checked"/>
	</item>
	
	<item class="ipaddress" id="ipaddress" desc="default ipaddress skin" >
		<attribute  borderColor="#standard.border" />
	</item>
	
	<item class="hotkey" id="hotkey" desc="default hotkey skin" >
		<attribute  borderColor="#standard.border" />
	</item>
	
	<item class="datetime" id="datetime" desc="default datetime skin" >
		<attribute  borderColor="#standard.border" bmpButtonNormal="standard.combo.normal" bmpButtonOver="standard.combo.hot" bmpButtonDown="standard.combo.down" bmpButtonDisable="standard.combo.disable" />
	</item>
	
	<item class="richedit" id="richedit" desc="default hotkey skin" >
		<attribute  borderColor="#standard.border" bmpScrollbar="standard.scroll" />
	</item>
	
	<item class="statusbar" id="statusbar" desc="default statusbar skin" >
		<attribute  bmpBackground="standard.statusbar.bk"  imageSeparator="standard.tootbar.sep" imageSizelogo="standard.frame.size" />
	</item>
	
	<item class="toolbar" id="toolbar" desc="default toolbar skin" >
		<attribute  imageBackgroundHoriz="standard.statusbar.bk" imageSeparatorHoriz="standard.tootbar.sep" imageDropHoriz="standard.tootbar.drop"  imageBackgroundVert="standard.statusbar.bk.v" imageSeparatorVert="standard.tootbar.sep.v" imageDropVert="standard.tootbar.drop.v" bmpButtonOver="standard.tootbar.hot" bmpButtonDown="standard.tootbar.down"/>
	</item>
	
	<item class="rebar" id="rebar" desc="default rebar skin" >
		<attribute  imageBackgroundHoriz="standard.statusbar.bk" imageDropHoriz="standard.tootbar.drop" imageBackgroundVert="standard.statusbar.bk.v" imageDropVert="standard.tootbar.drop.v"/>
	</item>
	
	<item class="controlbar" id="controlbar" desc="default controlbar skin" >
		<attribute  bmpBackgroundHoriz="standard.statusbar.bk"  bmpBackgroundVert="standard.statusbar.bk.v"/>
	</item>
	
	<item class="scrollbar" id="scrollbar" >
		<attribute imageSizebox="standard.frame.size" bmpScrollbar="standard.scroll" />
	</item>
	
	<item class="comwnd" id="comwnd">
		<attribute bmpScrollbar="standard.scroll" borderColor="#standard.border" backgroundColor="RGB(202,225,243)" />
	</item>
</constrol>

</theme>
	
