﻿<?xml version="1.0" encoding="utf-8"?>
<skeleton blendmode="average">
  <bones>
    <bone id="0" name="Hips" segid="0">
      <position x="0" y="76.4601" z="-4.45806" />
      <rotation angle="0">
        <axis x="1" y="0" z="0" />
      </rotation>
    </bone>
    <bone id="1" name="Chest" segid="1">
      <position x="0" y="11.5764" z="0" />
      <rotation angle="0">
        <axis x="1" y="0" z="0" />
      </rotation>
    </bone>
    <bone id="2" name="Chest2" segid="2">
      <position x="0" y="7.97099" z="0" />
      <rotation angle="0">
        <axis x="1" y="0" z="0" />
      </rotation>
    </bone>
    <bone id="3" name="Chest3" segid="3">
      <position x="0" y="7.98529" z="0" />
      <rotation angle="0">
        <axis x="1" y="0" z="0" />
      </rotation>
    </bone>
    <bone id="4" name="Chest4" segid="4">
      <position x="0" y="17.0072" z="0" />
      <rotation angle="0">
        <axis x="1" y="0" z="0" />
      </rotation>
    </bone>
    <bone id="5" name="LeftCollar" segid="11">
      <position x="9" y="-2.84217e-014" z="0.403989" />
      <rotation angle="0">
        <axis x="1" y="0" z="0" />
      </rotation>
    </bone>
    <bone id="6" name="LeftShoulder" segid="12">
      <position x="8" y="1.42109e-014" z="1.69299" />
      <rotation angle="0">
        <axis x="1" y="0" z="0" />
      </rotation>
    </bone>
    <bone id="7" name="LeftElbow" segid="13">
      <position x="22" y="0" z="0" />
      <rotation angle="0">
        <axis x="1" y="0" z="0" />
      </rotation>
    </bone>
    <bone id="8" name="LeftWrist" segid="14">
      <position x="23" y="5.68434e-014" z="0" />
      <rotation angle="0">
        <axis x="1" y="0" z="0" />
      </rotation>
    </bone>
    <bone id="9" name="LeftIndex1" segid="27">
      <position x="13.5092" y="0.704779" z="4.17427" />
      <rotation angle="0">
        <axis x="1" y="0" z="0" />
      </rotation>
    </bone>
    <bone id="10" name="LeftIndex2" segid="28">
      <position x="4.30008" y="0" z="0.4947" />
      <rotation angle="0">
        <axis x="1" y="0" z="0" />
      </rotation>
    </bone>
    <bone id="11" name="LeftIndex3" segid="29">
      <position x="3.31068" y="0" z="0.209296" />
      <rotation angle="0">
        <axis x="1" y="0" z="0" />
      </rotation>
    </bone>
    <bone id="12" name="LeftIndex4" segid="-1">
      <position x="3.99565" y="0" z="0.589835" />
      <rotation angle="0">
        <axis x="1" y="0" z="0" />
      </rotation>
    </bone>
    <bone id="13" name="LeftMiddle1" segid="30">
      <position x="14.746" y="0.704779" z="1.18705" />
      <rotation angle="0">
        <axis x="1" y="0" z="0" />
      </rotation>
    </bone>
    <bone id="14" name="LeftMiddle2" segid="31">
      <position x="4.87089" y="0" z="0.0380538" />
      <rotation angle="0">
        <axis x="1" y="0" z="0" />
      </rotation>
    </bone>
    <bone id="15" name="LeftMiddle3" segid="32">
      <position x="3.59609" y="0" z="-0.0190269" />
      <rotation angle="0">
        <axis x="1" y="0" z="0" />
      </rotation>
    </bone>
    <bone id="16" name="LeftMiddle4" segid="-1">
      <position x="4.33814" y="0" z="0.171242" />
      <rotation angle="0">
        <axis x="1" y="0" z="0" />
      </rotation>
    </bone>
    <bone id="17" name="LeftPinky1" segid="36">
      <position x="12.4247" y="0.704779" z="-5.03476" />
      <rotation angle="0">
        <axis x="1" y="0" z="0" />
      </rotation>
    </bone>
    <bone id="18" name="LeftPinky2" segid="37">
      <position x="3.71025" y="0" z="-1.00843" />
      <rotation angle="0">
        <axis x="1" y="0" z="0" />
      </rotation>
    </bone>
    <bone id="19" name="LeftPinky3" segid="38">
      <position x="2.94917" y="0" z="-0.723023" />
      <rotation angle="0">
        <axis x="1" y="0" z="0" />
      </rotation>
    </bone>
    <bone id="20" name="LeftPinky4" segid="-1">
      <position x="3.2536" y="0" z="-0.913292" />
      <rotation angle="0">
        <axis x="1" y="0" z="0" />
      </rotation>
    </bone>
    <bone id="21" name="LeftRing1" segid="33">
      <position x="13.9469" y="0.704779" z="-1.99045" />
      <rotation angle="0">
        <axis x="1" y="0" z="0" />
      </rotation>
    </bone>
    <bone id="22" name="LeftRing2" segid="34">
      <position x="4.41425" y="0" z="-0.361512" />
      <rotation angle="0">
        <axis x="1" y="0" z="0" />
      </rotation>
    </bone>
    <bone id="23" name="LeftRing3" segid="35">
      <position x="3.4629" y="0" z="-0.380538" />
      <rotation angle="0">
        <axis x="1" y="0" z="0" />
      </rotation>
    </bone>
    <bone id="24" name="LeftRing4" segid="-1">
      <position x="3.93857" y="0" z="-0.342485" />
      <rotation angle="0">
        <axis x="1" y="0" z="0" />
      </rotation>
    </bone>
    <bone id="25" name="LeftThumb1" segid="24">
      <position x="5.02323" y="0.704779" z="5.43005" />
      <rotation angle="0.0838143">
        <axis x="0.534642" y="-1.06001e-014" z="-0.845079" />
      </rotation>
    </bone>
    <bone id="26" name="LeftThumb2" segid="25">
      <position x="3.55443" y="0.0332105" z="5.58403" />
      <rotation angle="0.0838143">
        <axis x="-0.534642" y="1.06027e-014" z="0.845079" />
      </rotation>
    </bone>
    <bone id="27" name="LeftThumb3" segid="26">
      <position x="2.03588" y="-0.299458" z="3.5645" />
      <rotation angle="0">
        <axis x="1" y="0" z="0" />
      </rotation>
    </bone>
    <bone id="28" name="LeftThumb4" segid="-1">
      <position x="2.30226" y="-0.313794" z="3.73515" />
      <rotation angle="0">
        <axis x="1" y="0" z="0" />
      </rotation>
    </bone>
    <bone id="29" name="Neck" segid="5">
      <position x="-1.18329e-030" y="10" z="0" />
      <rotation angle="0">
        <axis x="1" y="0" z="0" />
      </rotation>
    </bone>
    <bone id="30" name="Head" segid="6">
      <position x="4.2466e-015" y="8" z="0" />
      <rotation angle="0">
        <axis x="1" y="0" z="0" />
      </rotation>
    </bone>
    <bone id="31" name="RightCollar" segid="7">
      <position x="-9" y="-2.84217e-014" z="0.403989" />
      <rotation angle="0">
        <axis x="1" y="0" z="0" />
      </rotation>
    </bone>
    <bone id="32" name="RightShoulder" segid="8">
      <position x="-8" y="1.42109e-014" z="1.69299" />
      <rotation angle="0">
        <axis x="1" y="0" z="0" />
      </rotation>
    </bone>
    <bone id="33" name="RightElbow" segid="9">
      <position x="-22" y="0" z="0" />
      <rotation angle="0">
        <axis x="1" y="0" z="0" />
      </rotation>
    </bone>
    <bone id="34" name="RightWrist" segid="10">
      <position x="-23" y="2.84217e-014" z="2.02748e-006" />
      <rotation angle="0">
        <axis x="1" y="0" z="0" />
      </rotation>
    </bone>
    <bone id="35" name="RightIndex1" segid="45">
      <position x="-13.5092" y="0.705" z="4.17427" />
      <rotation angle="0">
        <axis x="1" y="0" z="0" />
      </rotation>
    </bone>
    <bone id="36" name="RightIndex2" segid="46">
      <position x="-4.3001" y="0" z="0.4947" />
      <rotation angle="0">
        <axis x="1" y="0" z="0" />
      </rotation>
    </bone>
    <bone id="37" name="RightIndex3" segid="47">
      <position x="-3.3107" y="0" z="0.2093" />
      <rotation angle="0">
        <axis x="1" y="0" z="0" />
      </rotation>
    </bone>
    <bone id="38" name="RightIndex4" segid="-1">
      <position x="-3.9957" y="-1.42109e-014" z="0.58983" />
      <rotation angle="0">
        <axis x="1" y="0" z="0" />
      </rotation>
    </bone>
    <bone id="39" name="RightMiddle1" segid="48">
      <position x="-14.746" y="0.705" z="1.18704" />
      <rotation angle="0">
        <axis x="1" y="0" z="0" />
      </rotation>
    </bone>
    <bone id="40" name="RightMiddle2" segid="49">
      <position x="-4.8709" y="0" z="0.03806" />
      <rotation angle="0">
        <axis x="1" y="0" z="0" />
      </rotation>
    </bone>
    <bone id="41" name="RightMiddle3" segid="50">
      <position x="-3.5961" y="-1.42109e-014" z="-0.01903" />
      <rotation angle="0">
        <axis x="1" y="0" z="0" />
      </rotation>
    </bone>
    <bone id="42" name="RightMiddle4" segid="-1">
      <position x="-4.3381" y="0" z="0.171243" />
      <rotation angle="0">
        <axis x="1" y="0" z="0" />
      </rotation>
    </bone>
    <bone id="43" name="RightPinky1" segid="54">
      <position x="-12.4247" y="0.705" z="-5.03476" />
      <rotation angle="0">
        <axis x="1" y="0" z="0" />
      </rotation>
    </bone>
    <bone id="44" name="RightPinky2" segid="55">
      <position x="-3.7103" y="0" z="-1.00843" />
      <rotation angle="0">
        <axis x="1" y="0" z="0" />
      </rotation>
    </bone>
    <bone id="45" name="RightPinky3" segid="56">
      <position x="-2.9491" y="-1.42109e-014" z="-0.72302" />
      <rotation angle="0">
        <axis x="1" y="0" z="0" />
      </rotation>
    </bone>
    <bone id="46" name="RightPinky4" segid="-1">
      <position x="-3.2536" y="1.42109e-014" z="-0.91332" />
      <rotation angle="0">
        <axis x="1" y="0" z="0" />
      </rotation>
    </bone>
    <bone id="47" name="RightRing1" segid="51">
      <position x="-13.9469" y="0.705" z="-1.99045" />
      <rotation angle="0">
        <axis x="1" y="0" z="0" />
      </rotation>
    </bone>
    <bone id="48" name="RightRing2" segid="52">
      <position x="-4.4142" y="0" z="-0.36151" />
      <rotation angle="0">
        <axis x="1" y="0" z="0" />
      </rotation>
    </bone>
    <bone id="49" name="RightRing3" segid="53">
      <position x="-3.4629" y="1.42109e-014" z="-0.38054" />
      <rotation angle="0">
        <axis x="1" y="0" z="0" />
      </rotation>
    </bone>
    <bone id="50" name="RightRing4" segid="-1">
      <position x="-3.9386" y="-1.42109e-014" z="-0.34249" />
      <rotation angle="0">
        <axis x="1" y="0" z="0" />
      </rotation>
    </bone>
    <bone id="51" name="RightThumb1" segid="42">
      <position x="-5.0232" y="0.705" z="5.43005" />
      <rotation angle="0.0838143">
        <axis x="0.534642" y="-1.06001e-014" z="-0.845079" />
      </rotation>
    </bone>
    <bone id="52" name="RightThumb2" segid="43">
      <position x="-3.50579" y="-0.468232" z="5.59529" />
      <rotation angle="0.0838143">
        <axis x="-0.534642" y="1.06027e-014" z="0.845079" />
      </rotation>
    </bone>
    <bone id="53" name="RightThumb3" segid="44">
      <position x="-2.0359" y="-0.299" z="3.56454" />
      <rotation angle="0">
        <axis x="1" y="0" z="0" />
      </rotation>
    </bone>
    <bone id="54" name="RightThumb4" segid="-1">
      <position x="-2.3023" y="-0.314" z="3.7351" />
      <rotation angle="0">
        <axis x="1" y="0" z="0" />
      </rotation>
    </bone>
    <bone id="55" name="LeftHip" segid="19">
      <position x="11" y="0" z="0" />
      <rotation angle="0">
        <axis x="1" y="0" z="0" />
      </rotation>
    </bone>
    <bone id="56" name="LeftKnee" segid="20">
      <position x="-7.10543e-015" y="-30" z="-5.538" />
      <rotation angle="0">
        <axis x="1" y="0" z="0" />
      </rotation>
    </bone>
    <bone id="57" name="LeftAnkle" segid="21">
      <position x="0" y="-36" z="-1.349" />
      <rotation angle="0">
        <axis x="1" y="0" z="0" />
      </rotation>
    </bone>
    <bone id="58" name="LeftToe" segid="22">
      <position x="-1.77636e-015" y="-8.35937" z="8" />
      <rotation angle="0">
        <axis x="1" y="0" z="0" />
      </rotation>
    </bone>
    <bone id="59" name="RightHip" segid="15">
      <position x="-11" y="0" z="0" />
      <rotation angle="0">
        <axis x="1" y="0" z="0" />
      </rotation>
    </bone>
    <bone id="60" name="RightKnee" segid="16">
      <position x="-7.10543e-015" y="-30" z="-5.538" />
      <rotation angle="0">
        <axis x="1" y="0" z="0" />
      </rotation>
    </bone>
    <bone id="61" name="RightAnkle" segid="17">
      <position x="0" y="-36" z="-1.349" />
      <rotation angle="0">
        <axis x="1" y="0" z="0" />
      </rotation>
    </bone>
    <bone id="62" name="RightToe" segid="18">
      <position x="-1.77636e-015" y="-8.35937" z="8" />
      <rotation angle="0">
        <axis x="1" y="0" z="0" />
      </rotation>
    </bone>
  </bones>
  <bonehierarchy>
    <boneparent bone="Chest" parent="Hips" />
    <boneparent bone="Chest2" parent="Chest" />
    <boneparent bone="Chest3" parent="Chest2" />
    <boneparent bone="Chest4" parent="Chest3" />
    <boneparent bone="LeftCollar" parent="Chest4" />
    <boneparent bone="LeftShoulder" parent="LeftCollar" />
    <boneparent bone="LeftElbow" parent="LeftShoulder" />
    <boneparent bone="LeftWrist" parent="LeftElbow" />
    <boneparent bone="LeftIndex1" parent="LeftWrist" />
    <boneparent bone="LeftIndex2" parent="LeftIndex1" />
    <boneparent bone="LeftIndex3" parent="LeftIndex2" />
    <boneparent bone="LeftIndex4" parent="LeftIndex3" />
    <boneparent bone="LeftMiddle1" parent="LeftWrist" />
    <boneparent bone="LeftMiddle2" parent="LeftMiddle1" />
    <boneparent bone="LeftMiddle3" parent="LeftMiddle2" />
    <boneparent bone="LeftMiddle4" parent="LeftMiddle3" />
    <boneparent bone="LeftPinky1" parent="LeftWrist" />
    <boneparent bone="LeftPinky2" parent="LeftPinky1" />
    <boneparent bone="LeftPinky3" parent="LeftPinky2" />
    <boneparent bone="LeftPinky4" parent="LeftPinky3" />
    <boneparent bone="LeftRing1" parent="LeftWrist" />
    <boneparent bone="LeftRing2" parent="LeftRing1" />
    <boneparent bone="LeftRing3" parent="LeftRing2" />
    <boneparent bone="LeftRing4" parent="LeftRing3" />
    <boneparent bone="LeftThumb1" parent="LeftWrist" />
    <boneparent bone="LeftThumb2" parent="LeftThumb1" />
    <boneparent bone="LeftThumb3" parent="LeftThumb2" />
    <boneparent bone="LeftThumb4" parent="LeftThumb3" />
    <boneparent bone="Neck" parent="Chest4" />
    <boneparent bone="Head" parent="Neck" />
    <boneparent bone="RightCollar" parent="Chest4" />
    <boneparent bone="RightShoulder" parent="RightCollar" />
    <boneparent bone="RightElbow" parent="RightShoulder" />
    <boneparent bone="RightWrist" parent="RightElbow" />
    <boneparent bone="RightIndex1" parent="RightWrist" />
    <boneparent bone="RightIndex2" parent="RightIndex1" />
    <boneparent bone="RightIndex3" parent="RightIndex2" />
    <boneparent bone="RightIndex4" parent="RightIndex3" />
    <boneparent bone="RightMiddle1" parent="RightWrist" />
    <boneparent bone="RightMiddle2" parent="RightMiddle1" />
    <boneparent bone="RightMiddle3" parent="RightMiddle2" />
    <boneparent bone="RightMiddle4" parent="RightMiddle3" />
    <boneparent bone="RightPinky1" parent="RightWrist" />
    <boneparent bone="RightPinky2" parent="RightPinky1" />
    <boneparent bone="RightPinky3" parent="RightPinky2" />
    <boneparent bone="RightPinky4" parent="RightPinky3" />
    <boneparent bone="RightRing1" parent="RightWrist" />
    <boneparent bone="RightRing2" parent="RightRing1" />
    <boneparent bone="RightRing3" parent="RightRing2" />
    <boneparent bone="RightRing4" parent="RightRing3" />
    <boneparent bone="RightThumb1" parent="RightWrist" />
    <boneparent bone="RightThumb2" parent="RightThumb1" />
    <boneparent bone="RightThumb3" parent="RightThumb2" />
    <boneparent bone="RightThumb4" parent="RightThumb3" />
    <boneparent bone="LeftHip" parent="Hips" />
    <boneparent bone="LeftKnee" parent="LeftHip" />
    <boneparent bone="LeftAnkle" parent="LeftKnee" />
    <boneparent bone="LeftToe" parent="LeftAnkle" />
    <boneparent bone="RightHip" parent="Hips" />
    <boneparent bone="RightKnee" parent="RightHip" />
    <boneparent bone="RightAnkle" parent="RightKnee" />
    <boneparent bone="RightToe" parent="RightAnkle" />
  </bonehierarchy>
  <animations />
</skeleton>